{
  "4": {
    "transform": {
      "scale_x": 4.215269086357948,
      "scale_y": 4.211822660098522,
      "dx": -7.298498122653427,
      "dy": -231.3620689655172
    },
    "mapping": {
      "ph0": 17,
      "ph1": 58,
      "ph2": 18,
      "ph3": 19,
      "ph4": 60,
      "ph5": 24,
      "ph6": 59,
      "ph7": 30,
      "ph8": 74,
      "ph9": 37
    }
  }
}